t,attitude,stability,speed,u_cmd,u_eff,turb,crashed,a_ref,attitude_err
0,-0.0003989433284868747,0.809190248206639,1.0015504076004063,0.0005793037486582402,0.0005793037486582402,0.0,False,0.0,-0.0003989433284868747
1,0.0004342584727296852,0.8731381654034247,1.0046560436936287,0.0003191546627894998,0.0003191546627894998,0.0,False,0.0,0.0004342584727296852
2,-0.0007678864825666829,0.9275350412548931,1.008399558901919,-0.00034740677818374815,-0.00034740677818374826,0.0,False,0.0,-0.0007678864825666829
3,-0.0011147042475159236,0.9682213761788218,1.012685051979921,0.0006143091860533463,0.0006143091860533463,0.0,False,0.0,-0.0011147042475159236
4,-0.0003491015111809328,0.992846741359543,1.0173741456581713,0.0008917633980127389,0.0008917633980127389,0.0,False,0.0,-0.0003491015111809328
5,-0.0006120221386295685,1.0,1.022306591248784,0.00027928120894474626,0.00027928120894474636,0.0,False,0.0,-0.0006120221386295685
6,-0.0005798159469937645,1.0,1.0273093228199524,0.0004896177109036548,0.0004896177109036548,0.0,False,0.0,-0.0005798159469937645
7,0.0007782674077169575,1.0,1.03231146441646,0.0004638527575950116,0.0004638527575950116,0.0,False,0.0,0.0007782674077169575
8,0.0007094591782785443,1.0,1.03731310457773,-0.0006226139261735661,-0.0006226139261735658,0.0,False,0.0,0.0007094591782785443
9,0.00017741624104686938,1.0,1.0423143190477107,-0.0005675673426228355,-0.0005675673426228355,0.0,False,0.0,0.00017741624104686938
10,0.0005929495823686061,1.0,1.0473151726181362,-0.0001419329928374955,-0.00014193299283749556,0.0,False,0.0,0.0005929495823686061
11,-0.001056735081708727,1.0,1.0523157207057052,-0.0004743596658948849,-0.0004743596658948848,0.0,False,0.0,-0.001056735081708727
12,0.0005063927848761797,1.0,1.057316010701692,0.0008453880653669817,0.0008453880653669817,0.0,False,0.0,0.0005063927848761797
13,0.0002719402205617007,1.0,1.0623160831269194,-0.0004051142279009438,-0.0004051142279009438,0.0,False,0.0,0.0002719402205617007
14,0.0003184129194976145,1.0,1.0673159726202417,-0.00021755217644936058,-0.00021755217644936058,0.0,False,0.0,0.0003184129194976145
15,0.00017805425473382702,1.0,1.0723157087846062,-0.00025473033559809163,-0.00025473033559809163,0.0,False,0.0,0.00017805425473382702
16,-0.0010123051781413533,1.0,1.0773153169112726,-0.0001424434037870616,-0.0001424434037870616,0.0,False,0.0,-0.0010123051781413533
17,0.0008927756404274901,1.0,1.0823148185997904,0.0008098441425130826,0.0008098441425130826,0.0,False,0.0,0.0008927756404274901
18,-0.00010736003695688618,1.0,1.0873142322887783,-0.0007142205123419921,-0.0007142205123419923,0.0,False,0.0,-0.00010736003695688618
19,-0.0009484778038879658,1.0,1.0923135737103782,8.588802956550895e-05,8.588802956550907e-05,0.0,False,0.0,-0.0009484778038879658
20,-0.0003906012343175264,1.0,1.097312856279391,0.0007587822431103727,0.0007587822431103727,0.0,False,0.0,-0.0003906012343175264
21,0.00014440016764882108,1.0,1.1023120914265079,0.00031248098745402113,0.00031248098745402113,0.0,False,0.0,0.00014440016764882108
22,0.0006639315683613872,1.0,1.1073112888836913,-0.00011552013411905688,-0.00011552013411905688,0.0,False,0.0,0.0006639315683613872
23,0.0006551259895267433,1.0,1.1123104569285955,-0.0005311452546891098,-0.0005311452546891098,0.0,False,0.0,0.0006551259895267433
24,0.0001288622121865198,1.0,1.1173096025939202,-0.0005241007916213946,-0.0005241007916213946,0.0,False,0.0,0.0001288622121865198
25,-0.001074472734701703,1.0,1.1223087318467402,-0.00010308976974921585,-0.00010308976974921583,0.0,False,0.0,-0.001074472734701703
26,0.0002987588835134553,1.0,1.1273078497421298,0.0008595781877613625,0.0008595781877613625,0.0,False,0.0,0.0002987588835134553
27,-0.0003681203680707168,1.0,1.1323069605547684,-0.00023900710681076426,-0.00023900710681076445,0.0,False,0.0,-0.0003681203680707168
28,0.0012027645579169753,1.0,1.1373060678916966,0.0002944962944565735,0.0002944962944565734,0.0,False,0.0,0.0012027645579169753
29,-0.0008647588209695467,1.0,1.1423051747889206,-0.0009622116463335802,-0.0009622116463335802,0.0,False,0.0,-0.0008647588209695467
30,-0.00022809171924530926,1.0,1.147304283794183,0.0006918070567756374,0.0006918070567756372,0.0,False,0.0,-0.00022809171924530926
31,-0.0003336052429604846,1.0,1.1523033970378889,0.00018247337539624743,0.00018247337539624737,0.0,False,0.0,-0.0003336052429604846
32,-0.0008038809356015109,1.0,1.1573025162938697,0.00026688419436838765,0.00026688419436838765,0.0,False,0.0,-0.0008038809356015109
33,-0.00019958906463211104,1.0,1.1623016430314566,0.0006431047484812087,0.0006431047484812087,0.0,False,0.0,-0.00019958906463211104
34,0.0005409936280029733,1.0,1.1673007784600935,0.00015967125170568885,0.00015967125170568885,0.0,False,0.0,0.0005409936280029733
35,-0.00010406661847624602,1.0,1.1722999235675642,-0.0004327949024023787,-0.0004327949024023788,0.0,False,0.0,-0.00010406661847624602
36,0.000764524379961018,1.0,1.1772990791527418,8.325329478099682e-05,8.325329478099689e-05,0.0,False,0.0,0.000764524379961018
37,-0.0005357999186533474,1.0,1.1822982458536462,-0.0006116195039688145,-0.0006116195039688145,0.0,False,0.0,-0.0005357999186533474
38,4.819347408550673e-05,1.0,1.1872974241714789,0.00042863993492267793,0.00042863993492267804,0.0,False,0.0,4.819347408550673e-05
39,-0.0003998707450355821,1.0,1.1922966144912064,-3.855477926840539e-05,-3.855477926840539e-05,0.0,False,0.0,-0.0003998707450355821
40,0.00020528191279703167,1.0,1.1972958170991899,0.0003198965960284657,0.0003198965960284657,0.0,False,0.0,0.00020528191279703167
41,-0.0009605674857102671,1.0,1.202295032198277,-0.00016422553023762534,-0.00016422553023762534,0.0,False,0.0,-0.0009605674857102671
42,-0.0004979193746080326,1.0,1.2072942599207215,0.0007684539885682137,0.0007684539885682137,0.0,False,0.0,-0.0004979193746080326
43,-0.00047025278433111145,1.0,1.2122935003392392,0.0003983354996864261,0.0003983354996864261,0.0,False,0.0,-0.00047025278433111145
44,-0.0004965244468297194,1.0,1.2172927534764657,0.00037620222746488917,0.00037620222746488917,0.0,False,0.0,-0.0004965244468297194
45,0.00018869626601902717,1.0,1.2222920193130413,0.00039721955746377553,0.00039721955746377553,0.0,False,0.0,0.00018869626601902717
46,-0.00025954596357022943,1.0,1.227291297794527,-0.00015095701281522174,-0.0001509570128152218,0.0,False,0.0,-0.00025954596357022943
47,-0.00039293146292172126,1.0,1.2322905888373064,0.00020763677085618355,0.0002076367708561835,0.0,False,0.0,-0.00039293146292172126
48,-6.161458035288516e-05,1.0,1.2372898923336262,0.000314345170337377,0.000314345170337377,0.0,False,0.0,-6.161458035288516e-05
49,0.0007267022636199835,1.0,1.2422892081558994,4.929166428230813e-05,4.929166428230816e-05,0.0,False,0.0,0.0007267022636199835
50,-0.00010774808997897231,1.0,1.2472885361603698,-0.0005813618108959868,-0.0005813618108959868,0.0,False,0.0,-0.00010774808997897231
51,0.00044617802731994956,1.0,1.2522878761902319,8.619847198317786e-05,8.619847198317774e-05,0.0,False,0.0,0.00044617802731994956
52,0.000651865004793077,1.0,1.2572872280782874,-0.0003569424218559597,-0.0003569424218559597,0.0,False,0.0,0.000651865004793077
53,-6.242592061050656e-05,1.0,1.2622865916492023,-0.0005214920038344616,-0.0005214920038344616,0.0,False,0.0,-6.242592061050656e-05
54,0.000773713275394696,1.0,1.2672859667214182,4.994073648840525e-05,4.9940736488405235e-05,0.0,False,0.0,0.000773713275394696
55,-0.001138974788767896,1.0,1.2722853531087737,-0.0006189706203157568,-0.0006189706203157568,0.0,False,0.0,-0.001138974788767896
56,-6.451726816269994e-05,1.0,1.2772847506218734,0.0009111798310143167,0.0009111798310143165,0.0,False,0.0,-6.451726816269994e-05
57,-0.00045483600889134466,1.0,1.2822841590692435,5.161381453015995e-05,5.161381453015995e-05,0.0,False,0.0,-0.00045483600889134466
58,-0.0010287047581741982,1.0,1.2872835782583028,0.00036386880711307575,0.00036386880711307575,0.0,False,0.0,-0.0010287047581741982
59,0.002327940303167952,1.0,1.2922830079961756,0.0008229638065393586,0.0008229638065393586,0.0,False,0.0,0.002327940303167952
60,0.0008549109372581261,1.0,1.2972824480903729,-0.0018623522425343616,-0.001862352242534362,0.0,False,0.0,0.0008549109372581261
61,0.0012002877570529479,1.0,1.302281898349358,-0.000683928749806501,-0.0006839287498065012,0.0,False,0.0,0.0012002877570529479
62,-0.00020714679620247546,1.0,1.3072813585830134,-0.0009602302056423584,-0.0009602302056423584,0.0,False,0.0,-0.00020714679620247546
63,-0.0003182981812998621,1.0,1.3122808286030259,0.0001657174369619804,0.00016571743696198064,0.0,False,0.0,-0.0003182981812998621
64,0.0002186976200498483,1.0,1.3172803082232005,0.0002546385450398897,0.0002546385450398897,0.0,False,0.0,0.0002186976200498483
65,0.000356606796232347,1.0,1.3222797972597118,-0.00017495809603987865,-0.00017495809603987865,0.0,False,0.0,0.000356606796232347
66,-0.00013381134935453595,1.0,1.3272792955313089,-0.00028528543698587764,-0.00028528543698587764,0.0,False,0.0,-0.00013381134935453595
67,0.000645785825280481,1.0,1.3322788028594714,0.00010704907948362877,0.00010704907948362874,0.0,False,0.0,0.000645785825280481
68,-0.0001344427829208189,1.0,1.3372783190685336,-0.0005166286602243848,-0.0005166286602243848,0.0,False,0.0,-0.0001344427829208189
69,-0.0008024292281388975,1.0,1.342277843985773,0.00010755422633665514,0.00010755422633665526,0.0,False,0.0,-0.0008024292281388975
70,-0.00044751946594792007,1.0,1.3472773774414775,0.0006419433825111181,0.0006419433825111181,0.0,False,0.0,-0.00044751946594792007
71,0.0014450725199079868,1.0,1.3522769192689856,0.0003580155727583361,0.0003580155727583361,0.0,False,0.0,0.0014450725199079868
72,0.0010528497835547194,1.0,1.3572764693047128,-0.0011560580159263895,-0.0011560580159263895,0.0,False,0.0,0.0010528497835547194
73,-0.0006177606182366506,1.0,1.3622760273881591,-0.0008422798268437756,-0.0008422798268437756,0.0,False,0.0,-0.0006177606182366506
74,-0.0007606776274397727,1.0,1.3672755933619056,0.0004942084945893206,0.0004942084945893206,0.0,False,0.0,-0.0007606776274397727
75,-0.00015904097355799618,1.0,1.3722751670716002,0.0006085421019518182,0.0006085421019518182,0.0,False,0.0,-0.00015904097355799618
76,-0.0015162014503533375,1.0,1.377274748365934,0.00012723277884639695,0.00012723277884639695,0.0,False,0.0,-0.0015162014503533375
77,0.0005375454395221804,1.0,1.382274337096612,0.0012129611602826702,0.0012129611602826702,0.0,False,0.0,0.0005375454395221804
78,0.0009305707572917915,1.0,1.3872739331183157,-0.0004300363516177444,-0.00043003635161774427,0.0,False,0.0,0.0009305707572917915
79,0.0013248757292808058,1.0,1.3922735362886645,-0.0007444566058334332,-0.0007444566058334332,0.0,False,0.0,0.0013248757292808058
80,0.00031535337958056125,1.0,1.3972731464681698,-0.0010599005834246447,-0.0010599005834246447,0.0,False,0.0,0.00031535337958056125
81,0.0005362023866408084,1.0,1.4022727635201895,-0.000252282703664449,-0.000252282703664449,0.0,False,0.0,0.0005362023866408084
82,0.0004811063376641332,1.0,1.4072723873108781,-0.0004289619093126467,-0.0004289619093126467,0.0,False,0.0,0.0004811063376641332
83,-0.00012041828599086571,1.0,1.4122720177091368,-0.0003848850701313066,-0.0003848850701313066,0.0,False,0.0,-0.00012041828599086571
84,-0.0007562585514181571,1.0,1.417271654586562,9.633462879269257e-05,9.63346287926926e-05,0.0,False,0.0,-0.0007562585514181571
85,-0.0003488887394359535,1.0,1.4222712978173933,0.0006050068411345257,0.0006050068411345257,0.0,False,0.0,-0.0003488887394359535
86,-0.0010187997683890617,1.0,1.4272709472784604,0.0002791109915487628,0.0002791109915487628,0.0,False,0.0,-0.0010187997683890617
87,-0.0004388527806652636,1.0,1.4322706028491323,0.0008150398147112495,0.0008150398147112495,0.0,False,0.0,-0.0004388527806652636
88,0.00048463878288264583,1.0,1.4372702644112638,0.0003510822245322109,0.0003510822245322109,0.0,False,0.0,0.00048463878288264583
89,0.0010601917225439128,1.0,1.4422699318491436,-0.0003877110263061167,-0.0003877110263061167,0.0,False,0.0,0.0010601917225439128
90,0.0008073096367228232,1.0,1.447269605049445,-0.0008481533780351303,-0.0008481533780351303,0.0,False,0.0,0.0008073096367228232
91,0.0009921097607689111,1.0,1.4522692839011737,-0.0006458477093782586,-0.0006458477093782586,0.0,False,0.0,0.0009921097607689111
92,3.455554151178955e-05,1.0,1.4572689682956186,-0.0007936878086151289,-0.0007936878086151289,0.0,False,0.0,3.455554151178955e-05
93,0.0008372782709192429,1.0,1.4622686581263027,-2.764443320943164e-05,-2.7644433209431718e-05,0.0,False,0.0,0.0008372782709192429
94,-0.0004878118530333296,1.0,1.4672683532889366,-0.0006698226167353943,-0.0006698226167353943,0.0,False,0.0,-0.0004878118530333296
95,-0.0002551773643709038,1.0,1.4722680536813693,0.00039024948242666373,0.0003902494824266636,0.0,False,0.0,-0.0002551773643709038
96,-0.0010070245311452606,1.0,1.477267759203543,0.00020414189149672306,0.00020414189149672306,0.0,False,0.0,-0.0010070245311452606
97,0.0001182376294040556,1.0,1.4822674697574492,0.0008056196249162086,0.0008056196249162086,0.0,False,0.0,0.0001182376294040556
98,-0.00022900624660705476,1.0,1.4872671852470833,-9.459010352324448e-05,-9.45901035232446e-05,0.0,False,0.0,-0.00022900624660705476
99,-0.00107580746702652,1.0,1.4922669055784012,0.0001832049972856438,0.00018320499728564376,0.0,False,0.0,-0.00107580746702652
100,0.0003800680489521195,1.0,1.4972666306592786,0.0008606459736212159,0.0008606459736212159,0.0,False,0.0,0.0003800680489521195
101,-0.001153442406343856,1.0,1.5022663603994686,-0.0003040544391616956,-0.0003040544391616959,0.0,False,0.0,-0.001153442406343856
102,0.00022435789518889464,1.0,1.507266094710561,0.0009227539250750849,0.0009227539250750851,0.0,False,0.0,0.00022435789518889464
103,-2.3618585436244794e-05,1.0,1.5122658335059451,-0.00017948631615111573,-0.0001794863161511156,0.0,False,0.0,-2.3618585436244794e-05
104,0.0009220825849103904,1.0,1.51726557670077,1.8894868348995836e-05,1.8894868348995853e-05,0.0,False,0.0,0.0009220825849103904
105,-0.0001377424149790111,1.0,1.5222653242119066,-0.0007376660679283124,-0.0007376660679283124,0.0,False,0.0,-0.0001377424149790111
106,-0.0014346096457212149,1.0,1.5272650759579118,0.00011019393198320889,0.00011019393198320889,0.0,False,0.0,-0.0014346096457212149
107,-0.0010832237964543041,1.0,1.5322648318589935,0.001147687716576972,0.001147687716576972,0.0,False,0.0,-0.0010832237964543041
108,0.0006613957566581581,1.0,1.537264591836973,0.0008665790371634434,0.0008665790371634434,0.0,False,0.0,0.0006613957566581581
109,0.00010234411832589564,1.0,1.5422643558152542,-0.0005291166053265265,-0.0005291166053265265,0.0,False,0.0,0.00010234411832589564
110,0.0008632496986239118,1.0,1.5472641237187883,-8.187529466071652e-05,-8.187529466071649e-05,0.0,False,0.0,0.0008632496986239118
111,-0.00020903773909506336,1.0,1.5522638954740415,-0.0006905997588991295,-0.0006905997588991295,0.0,False,0.0,-0.00020903773909506336
112,-0.0005521201462469588,1.0,1.5572636710089642,0.0001672301912760507,0.00016723019127605084,0.0,False,0.0,-0.0005521201462469588
113,-0.0005987154376661334,1.0,1.5622634502529582,0.00044169611699756706,0.00044169611699756696,0.0,False,0.0,-0.0005987154376661334
114,0.00022600595710138864,1.0,1.567263233136848,0.0004789723501329067,0.0004789723501329067,0.0,False,0.0,0.00022600595710138864
115,0.0004961864931536799,1.0,1.5722630195928498,-0.00018080476568111092,-0.00018080476568111092,0.0,False,0.0,0.0004961864931536799
116,0.0007423251544044702,1.0,1.5772628095545438,-0.00039694919452294393,-0.00039694919452294393,0.0,False,0.0,0.0007423251544044702
117,0.0009820101372090618,1.0,1.5822626029568443,-0.0005938601235235762,-0.0005938601235235762,0.0,False,0.0,0.0009820101372090618
118,0.0005771488990489668,1.0,1.5872623997359738,-0.0007856081097672495,-0.0007856081097672495,0.0,False,0.0,0.0005771488990489668
119,-0.00018131197042210124,1.0,1.592262199829433,-0.0004617191192391734,-0.0004617191192391734,0.0,False,0.0,-0.00018131197042210124
120,-0.00017208262997343051,1.0,1.597262003175978,0.000145049576337681,0.000145049576337681,0.0,False,0.0,-0.00017208262997343051
121,0.00041840898431585056,1.0,1.6022618097155916,0.00013766610397874442,0.00013766610397874442,0.0,False,0.0,0.00041840898431585056
122,-0.0007426482386736755,1.0,1.6072616193894576,-0.0003347271874526805,-0.0003347271874526805,0.0,False,0.0,-0.0007426482386736755
123,0.0008421072354452692,1.0,1.6122614321399382,0.0005941185909389404,0.0005941185909389404,0.0,False,0.0,0.0008421072354452692
124,0.0009189670525416125,1.0,1.6172612479105481,-0.0006736857883562154,-0.0006736857883562154,0.0,False,0.0,0.0009189670525416125
125,-0.00011161808099010499,1.0,1.62226106664593,-0.00073517364203329,-0.00073517364203329,0.0,False,0.0,-0.00011161808099010499
126,-0.00022822030533193772,1.0,1.6272608882918334,8.9294464792084e-05,8.929446479208397e-05,0.0,False,0.0,-0.00022822030533193772
127,-0.0002652842702975559,1.0,1.6322607127950894,0.0001825762442655502,0.0001825762442655502,0.0,False,0.0,-0.0002652842702975559
128,0.00035515223669744443,1.0,1.6372605401035905,0.00021222741623804474,0.00021222741623804474,0.0,False,0.0,0.00035515223669744443
129,-0.00011928849826253998,1.0,1.6422603701662672,-0.00028412178935795555,-0.00028412178935795555,0.0,False,0.0,-0.00011928849826253998
130,0.0010145766148829873,1.0,1.647260202933067,9.543079861003199e-05,9.543079861003201e-05,0.0,False,0.0,0.0010145766148829873
131,-0.000424035265543896,1.0,1.6522600383549333,-0.0008116612919063899,-0.0008116612919063899,0.0,False,0.0,-0.000424035265543896
132,0.0007552764812937619,1.0,1.6572598763837854,0.0003392282124351168,0.0003392282124351168,0.0,False,0.0,0.0007552764812937619
133,-0.0005770771160993035,1.0,1.6622597169724969,-0.0006042211850350096,-0.0006042211850350096,0.0,False,0.0,-0.0005770771160993035
134,0.0008829937529039101,1.0,1.6672595600748785,0.0004616616928794428,0.0004616616928794427,0.0,False,0.0,0.0008829937529039101
135,0.0006594305178004167,1.0,1.6722594056456557,-0.0007063950023231281,-0.0007063950023231281,0.0,False,0.0,0.0006594305178004167
136,-0.0001194600392648386,1.0,1.6772592536404525,-0.0005275444142403333,-0.0005275444142403333,0.0,False,0.0,-0.0001194600392648386
137,-9.112028908299849e-05,1.0,1.6822591040157715,9.556803141187088e-05,9.556803141187082e-05,0.0,False,0.0,-9.112028908299849e-05
138,0.00025865429590255147,1.0,1.687258956728975,7.289623126639879e-05,7.289623126639879e-05,0.0,False,0.0,0.00025865429590255147
139,0.0005052465113269559,1.0,1.692258811738269,-0.00020692343672204118,-0.00020692343672204123,0.0,False,0.0,0.0005052465113269559
140,-0.0006965435759711749,1.0,1.6972586690026856,-0.00040419720906156474,-0.00040419720906156474,0.0,False,0.0,-0.0006965435759711749
141,-0.0005434457831859226,1.0,1.7022585284820637,0.0005572348607769399,0.0005572348607769399,0.0,False,0.0,-0.0005434457831859226
142,-0.0005284218955926546,1.0,1.7072583901370353,0.00043475662654873814,0.00043475662654873814,0.0,False,0.0,-0.0005284218955926546
143,0.0011174986353453909,1.0,1.7122582539290068,0.0004227375164741237,0.0004227375164741237,0.0,False,0.0,0.0011174986353453909
144,0.0004048959477340565,1.0,1.7172581198201446,-0.0008939989082763127,-0.0008939989082763127,0.0,False,0.0,0.0004048959477340565
145,0.000247285663955469,1.0,1.7222579877733581,-0.00032391675818724524,-0.00032391675818724524,0.0,False,0.0,0.000247285663955469
146,0.00012946915398639149,1.0,1.7272578577522857,-0.0001978285311643752,-0.0001978285311643752,0.0,False,0.0,0.00012946915398639149
147,0.00012709970469186813,1.0,1.7322577297212778,-0.00010357532318911319,-0.00010357532318911319,0.0,False,0.0,0.00012709970469186813
148,-0.0006236003376779788,1.0,1.737257603645384,-0.0001016797637534945,-0.0001016797637534945,0.0,False,0.0,-0.0006236003376779788
149,-9.8725461599226e-05,1.0,1.7422574794903378,0.000498880270142383,0.000498880270142383,0.0,False,0.0,-9.8725461599226e-05
150,-0.0011130235223833574,1.0,1.7472573572225418,7.898036927938082e-05,7.898036927938082e-05,0.0,False,0.0,-0.0011130235223833574
151,-0.0009749515299674605,1.0,1.752257236809056,0.000890418817906686,0.000890418817906686,0.0,False,0.0,-0.0009749515299674605
152,0.0001397296790544833,1.0,1.757257118217581,0.0007799612239739684,0.0007799612239739684,0.0,False,0.0,0.0001397296790544833
153,-0.0005502286063301373,1.0,1.7622570014164471,-0.00011178374324358664,-0.00011178374324358664,0.0,False,0.0,-0.0005502286063301373
154,-0.00020283381613047356,1.0,1.7672568863746012,0.00044018288506410985,0.00044018288506410974,0.0,False,0.0,-0.00020283381613047356
155,-4.0345858769710245e-05,1.0,1.7722567730615926,0.00016226705290437886,0.00016226705290437886,0.0,False,0.0,-4.0345858769710245e-05
156,0.00011882828445511729,1.0,1.777256661447562,3.2276687015768196e-05,3.2276687015768196e-05,0.0,False,0.0,0.00011882828445511729
157,-0.001020666115200606,1.0,1.7822565515032283,-9.506262756409384e-05,-9.506262756409386e-05,0.0,False,0.0,-0.001020666115200606
158,-4.5490357421358874e-05,1.0,1.787256443199877,0.0008165328921604848,0.0008165328921604848,0.0,False,0.0,-4.5490357421358874e-05
159,0.0005587496609823157,1.0,1.7922563365093482,3.63922859370871e-05,3.6392285937087206e-05,0.0,False,0.0,0.0005587496609823157
160,-0.00032804595328186876,1.0,1.7972562314040257,-0.00044699972878585264,-0.00044699972878585264,0.0,False,0.0,-0.00032804595328186876
161,-0.0006091407166788937,1.0,1.8022561278568259,0.00026243676262549504,0.00026243676262549493,0.0,False,0.0,-0.0006091407166788937
162,0.0003397178908340761,1.0,1.8072560258411852,0.000487312573343115,0.000487312573343115,0.0,False,0.0,0.0003397178908340761
163,0.001500623492132959,1.0,1.8122559253310504,-0.0002717743126672609,-0.0002717743126672609,0.0,False,0.0,0.001500623492132959
164,0.0009191685377685165,1.0,1.8172558263008698,-0.0012004987937063673,-0.0012004987937063673,0.0,False,0.0,0.0009191685377685165
165,-0.00044333611552862975,1.0,1.822255728725579,-0.0007353348302148133,-0.0007353348302148133,0.0,False,0.0,-0.00044333611552862975
166,-0.00040861111112497155,1.0,1.8272556325805938,0.00035466889242290385,0.0003546688924229041,0.0,False,0.0,-0.00040861111112497155
167,0.00042871085335588775,1.0,1.8322555378418,0.0003268888888999773,0.0003268888888999773,0.0,False,0.0,0.00042871085335588775
168,1.879796429454313e-05,1.0,1.837255444485542,-0.0003429686826847102,-0.0003429686826847102,0.0,False,0.0,1.879796429454313e-05
169,-0.0001639267340186274,1.0,1.842255352488615,-1.5038371435634505e-05,-1.5038371435634482e-05,0.0,False,0.0,-0.0001639267340186274
170,1.9632794122576384e-05,1.0,1.8472552618282556,0.00013114138721490192,0.00013114138721490192,0.0,False,0.0,1.9632794122576384e-05
171,-9.117163523698599e-05,1.0,1.852255172482132,-1.5706235298061107e-05,-1.5706235298061107e-05,0.0,False,0.0,-9.117163523698599e-05
172,0.0007078979565412016,1.0,1.8572550844283349,7.29373081895888e-05,7.29373081895888e-05,0.0,False,0.0,0.0007078979565412016
173,0.000302895168058099,1.0,1.8622549976453693,-0.0005663183652329613,-0.0005663183652329613,0.0,False,0.0,0.000302895168058099
174,0.0006573923623893346,1.0,1.867254912112147,-0.0002423161344464792,-0.0002423161344464792,0.0,False,0.0,0.0006573923623893346
175,0.0006181914479046584,1.0,1.8722548278079756,-0.0005259138899114677,-0.0005259138899114677,0.0,False,0.0,0.0006181914479046584
176,-0.0005274688006774404,1.0,1.8772547447125538,-0.0004945531583237267,-0.0004945531583237267,0.0,False,0.0,-0.0005274688006774404
177,-0.000316262116631521,1.0,1.8822546628059595,0.00042197504054195233,0.0004219750405419522,0.0,False,0.0,-0.000316262116631521
178,-0.0017946480399872611,1.0,1.8872545820686462,0.0002530096933052168,0.0002530096933052168,0.0,False,0.0,-0.0017946480399872611
179,0.00035183185274700196,1.0,1.8922545024814306,0.001435718431989809,0.001435718431989809,0.0,False,0.0,0.00035183185274700196
180,-0.019338155765478492,1.0,1.8972544240254898,-0.00028146548219760157,-0.00028146548219760157,0.35,False,0.0,-0.019338155765478492
181,-0.0861611029389931,1.0,1.9022543466823512,0.015470524612382795,0.015470524612382795,0.35,False,0.0,-0.0861611029389931
182,-0.028874943257729414,1.0,1.9072542704338855,0.06892888235119447,0.06892888235119447,0.35,False,0.0,-0.028874943257729414
183,-0.026665143303557192,1.0,1.9122541952623002,0.023099954606183533,0.023099954606183533,0.35,False,0.0,-0.026665143303557192
184,-0.04839836673413778,1.0,1.9172541211501335,0.021332114642845755,0.021332114642845755,0.35,False,0.0,-0.04839836673413778
185,-0.008112611063130243,1.0,1.922254048080246,0.038718693387310224,0.038718693387310224,0.35,False,0.0,-0.008112611063130243
186,-0.030952742090790422,1.0,1.9272539760358145,0.006490088850504195,0.006490088850504199,0.35,False,0.0,-0.030952742090790422
187,0.07458976241327406,1.0,1.9322539050003267,0.02476219367263234,0.02476219367263234,0.35,False,0.0,0.07458976241327406
188,0.090440335880195,1.0,1.9372538349575739,-0.05967180993061925,-0.059671809930619234,0.35,False,0.0,0.090440335880195
189,0.03362488297584413,1.0,1.9422537658916446,-0.072352268704156,-0.072352268704156,0.35,False,0.0,0.03362488297584413
190,-0.11545110399453404,1.0,1.9472536977869195,-0.026899906380675305,-0.026899906380675305,0.35,False,0.0,-0.11545110399453404
191,-0.19463484804164208,1.0,1.952253630628064,0.09236088319562724,0.09236088319562724,0.35,False,0.0,-0.19463484804164208
192,-0.07609087745030571,1.0,1.957253564400025,0.15570787843331368,0.15570787843331368,0.35,False,0.0,-0.07609087745030571
193,-0.047993701722187636,1.0,1.9622534990880225,0.06087270196024457,0.06087270196024456,0.35,False,0.0,-0.047993701722187636
194,-0.05361216399115436,1.0,1.967253434677545,0.038394961377750114,0.038394961377750114,0.35,False,0.0,-0.05361216399115436
195,0.07729849725403043,1.0,1.9722533711543448,0.04288973119292349,0.04288973119292349,0.35,False,0.0,0.07729849725403043
196,-0.02164329382452747,1.0,1.977253308504433,-0.06183879780322435,-0.061838797803224335,0.35,False,0.0,-0.02164329382452747
197,-0.06608240433311222,1.0,1.9822532467140712,0.01731463505962198,0.017314635059621972,0.35,False,0.0,-0.06608240433311222
198,-0.08379801612627988,1.0,1.9872531857697713,0.05286592346648977,0.05286592346648977,0.35,False,0.0,-0.08379801612627988
199,-0.028529365434711972,1.0,1.9922531256582867,0.0670384129010239,0.0670384129010239,0.35,False,0.0,-0.028529365434711972
200,0.10103881399281663,1.0,1.9972530663666084,0.1828234923477696,0.1828234923477696,0.35,False,0.2,-0.09896118600718339
201,-0.07016719437856356,1.0,2.002253007881961,-0.08083105119425331,-0.08083105119425334,0.35,False,0.0,-0.07016719437856356
202,-0.17639873008575518,1.0,2.007252950191798,0.05613375550285085,0.05613375550285082,0.35,False,0.0,-0.17639873008575518
203,-0.0916565582715633,1.0,2.0122528932837964,0.14111898406860415,0.14111898406860415,0.35,False,0.0,-0.0916565582715633
204,-0.004404736847486648,1.0,2.0172528371458527,0.07332524661725064,0.07332524661725064,0.35,False,0.0,-0.004404736847486648
205,-0.028822698156676003,1.0,2.0222527817660776,0.0035237894779893185,0.0035237894779893285,0.35,False,0.0,-0.028822698156676003
206,-0.010187497890061157,1.0,2.0272527271327947,0.023058158525340804,0.023058158525340804,0.35,False,0.0,-0.010187497890061157
207,-0.09863386305170677,1.0,2.0322526732345327,0.008149998312048925,0.008149998312048925,0.35,False,0.0,-0.09863386305170677
208,-0.1129075326390988,1.0,2.0372526200600234,0.07890709044136542,0.07890709044136542,0.35,False,0.0,-0.1129075326390988
209,0.009809009692939012,1.0,2.0422525675981973,0.09032602611127905,0.09032602611127905,0.35,False,0.0,0.009809009692939012
210,0.029822061583552884,1.0,2.0472525158381787,-0.00784720775435121,-0.007847207754351198,0.35,False,0.0,0.029822061583552884
211,0.1853192876420086,1.0,2.052252464769284,-0.023857649266842307,-0.023857649266842307,0.35,False,0.0,0.1853192876420086
212,0.09889569819571575,1.0,2.057252414381016,-0.1482554301136069,-0.1482554301136069,0.35,False,0.0,0.09889569819571575
213,0.10697987502661914,1.0,2.0622523646630606,-0.07911655855657261,-0.07911655855657261,0.35,False,0.0,0.10697987502661914
214,0.06762757147185182,1.0,2.0672523156052844,-0.08558390002129532,-0.08558390002129532,0.35,False,0.0,0.06762757147185182
215,0.08201504621793868,1.0,2.07225226719773,-0.054102057177481455,-0.054102057177481455,0.35,False,0.0,0.08201504621793868
216,0.06762876524520013,1.0,2.077252219430612,-0.06561203697435095,-0.06561203697435095,0.35,False,0.0,0.06762876524520013
217,0.005115512078403868,1.0,2.0822521722943157,-0.05410301219616011,-0.05410301219616011,0.35,False,0.0,0.005115512078403868
218,-0.06259146797791838,1.0,2.0872521257793917,-0.004092409662723094,-0.004092409662723088,0.35,False,0.0,-0.06259146797791838
219,0.15899724771164264,1.0,2.092252079876554,0.05007317438233471,0.05007317438233471,0.35,False,0.0,0.15899724771164264
220,0.13830849603968923,1.0,2.0972520345766767,-0.12719779816931412,-0.12719779816931412,0.35,False,0.0,0.13830849603968923
221,-0.04151261391595386,1.0,2.1022519898707897,-0.11064679683175138,-0.11064679683175138,0.35,False,0.0,-0.04151261391595386
222,-0.0960961082956828,1.0,2.107251945750078,0.03321009113276309,0.033210091132763124,0.35,False,0.0,-0.0960961082956828
223,-0.028556467759071467,1.0,2.1122519022058754,0.07687688663654624,0.07687688663654624,0.35,False,0.0,-0.028556467759071467
224,-0.05085448386851815,1.0,2.1172518592296656,0.022845174207257176,0.02284517420725717,0.35,False,0.0,-0.05085448386851815
225,0.054955398011923735,1.0,2.1222518168130753,0.040683587094814525,0.040683587094814525,0.35,False,0.0,0.054955398011923735
226,0.12264094871201059,1.0,2.1272517749478754,-0.04396431840953899,-0.04396431840953899,0.35,False,0.0,0.12264094871201059
227,0.08229009035400277,1.0,2.1322517336259748,-0.09811275896960847,-0.09811275896960847,0.35,False,0.0,0.08229009035400277
228,0.03235683159005875,1.0,2.1372516928394196,-0.06583207228320222,-0.06583207228320222,0.35,False,0.0,0.03235683159005875
229,-0.0514292443339829,1.0,2.14225165258039,-0.025885465272047,-0.025885465272047,0.35,False,0.0,-0.0514292443339829
230,-0.09761809255560629,1.0,2.1472516128411985,0.041143395467186324,0.041143395467186324,0.35,False,0.0,-0.09761809255560629
231,-0.17849089323491385,1.0,2.1522515736142864,0.07809447404448504,0.07809447404448504,0.35,False,0.0,-0.17849089323491385
232,-0.05787442624568579,1.0,2.157251534892221,0.14279271458793108,0.14279271458793108,0.35,False,0.0,-0.05787442624568579
233,0.0800045336234907,1.0,2.1622514966676953,0.046299540996548635,0.046299540996548635,0.35,False,0.0,0.0800045336234907
234,-0.016384277410669303,1.0,2.167251458933523,-0.06400362689879256,-0.06400362689879256,0.35,False,0.0,-0.016384277410669303
235,-0.10452250945513501,1.0,2.1722514216826387,0.013107421928535444,0.01310742192853546,0.35,False,0.0,-0.10452250945513501
236,-0.21107659250865274,1.0,2.177251384908093,0.08361800756410802,0.08361800756410802,0.35,False,0.0,-0.21107659250865274
237,-0.23349775549664684,1.0,2.1822513486030517,0.1688612740069222,0.1688612740069222,0.35,False,0.0,-0.23349775549664684
238,-0.3952427001116349,1.0,2.1872513127607958,0.18679820439731748,0.18679820439731748,0.35,False,0.0,-0.3952427001116349
239,-0.39153682971161535,1.0,2.1922512773747154,0.31619416008930795,0.31619416008930795,0.35,False,0.0,-0.39153682971161535
240,-0.20349297232205799,1.0,2.197251242438309,0.3132294637692923,0.3132294637692923,0.35,False,0.0,-0.20349297232205799
241,-0.14925202918463734,1.0,2.2022512079451837,0.1627943778576464,0.1627943778576464,0.35,False,0.0,-0.14925202918463734
242,-0.04833197879871677,1.0,2.20725117388905,0.11940162334770987,0.11940162334770987,0.35,False,0.0,-0.04833197879871677
243,-0.06064343648601326,1.0,2.212251140263722,0.03866558303897342,0.03866558303897343,0.35,False,0.0,-0.06064343648601326
244,0.07837204537893254,1.0,2.217251107063115,0.04851474918881061,0.04851474918881061,0.35,False,0.0,0.07837204537893254
245,0.08818488822651384,1.0,2.2222510742812425,-0.06269763630314604,-0.06269763630314604,0.35,False,0.0,0.08818488822651384
246,0.04003076449139101,1.0,2.227251041912216,-0.07054791058121107,-0.07054791058121107,0.35,False,0.0,0.04003076449139101
247,0.20444066158325816,1.0,2.2322510099502426,-0.03202461159311281,-0.03202461159311281,0.35,False,0.0,0.20444066158325816
248,0.14416528701252768,1.0,2.2372509783896226,-0.16355252926660654,-0.16355252926660654,0.35,False,0.0,0.14416528701252768
249,0.019240316699682312,1.0,2.242250947224749,-0.11533222961002215,-0.11533222961002215,0.35,False,0.0,0.019240316699682312
250,0.010880933472630517,1.0,2.247250916450105,-0.015392253359745851,-0.015392253359745848,0.35,False,0.0,0.010880933472630517
251,0.006282757145565747,1.0,2.252250886060262,-0.008704746778104414,-0.008704746778104414,0.35,False,0.0,0.006282757145565747
252,0.08043920577702064,1.0,2.2572508560498794,-0.0050262057164525975,-0.0050262057164525975,0.35,False,0.0,0.08043920577702064
253,0.0035822347859991066,1.0,2.262250826413701,-0.06435136462161652,-0.06435136462161652,0.35,False,0.0,0.0035822347859991066
254,0.045745271112953616,1.0,2.2672507971465548,-0.0028657878287992856,-0.0028657878287992804,0.35,False,0.0,0.045745271112953616
255,0.10300965098184876,1.0,2.272250768243352,-0.036596216890362895,-0.036596216890362895,0.35,False,0.0,0.10300965098184876
256,0.03376348164339311,1.0,2.277250739699085,-0.08240772078547902,-0.08240772078547902,0.35,False,0.0,0.03376348164339311
257,0.029537660478842334,1.0,2.2822507115088237,-0.027010785314714486,-0.027010785314714486,0.35,False,0.0,0.029537660478842334
258,-0.037623601544311054,1.0,2.2872506836677187,-0.023630128383073868,-0.023630128383073868,0.35,False,0.0,-0.037623601544311054
259,0.12919028156356155,1.0,2.292250656170994,0.030098881235448845,0.030098881235448845,0.35,False,0.0,0.12919028156356155
260,0.06251234573678933,1.0,2.297250629013953,-0.10335222525084925,-0.10335222525084925,0.35,False,0.0,0.06251234573678933
261,0.010176623732423791,1.0,2.302250602191968,-0.05000987658943147,-0.05000987658943147,0.35,False,0.0,0.010176623732423791
262,-0.0717378344442044,1.0,2.30725057570049,-0.008141298985939033,-0.008141298985939042,0.35,False,0.0,-0.0717378344442044
263,-0.09014250382270497,1.0,2.312250549535036,0.05739026755536352,0.057390267555363535,0.35,False,0.0,-0.09014250382270497
264,-0.06338703902715505,1.0,2.3172505236911953,0.07211400305816398,0.07211400305816398,0.35,False,0.0,-0.06338703902715505
265,0.0068020061494199245,1.0,2.3222504981646264,0.05070963122172404,0.05070963122172404,0.35,False,0.0,0.0068020061494199245
266,-0.0269719932440745,1.0,2.3272504729510537,-0.00544160491953594,-0.005441604919535932,0.35,False,0.0,-0.0269719932440745
267,-0.03841540225960631,1.0,2.3322504480462705,0.0215775945952596,0.0215775945952596,0.35,False,0.0,-0.03841540225960631
268,-0.12574602242363023,1.0,2.3372504234461333,0.03073232180768505,0.03073232180768505,0.35,False,0.0,-0.12574602242363023
269,-0.1622097591656825,1.0,2.3422503991465633,0.10059681793890418,0.10059681793890418,0.35,False,0.0,-0.1622097591656825
270,0.07030111203218026,1.0,2.3472503751435436,0.129767807332546,0.129767807332546,0.35,False,0.0,0.07030111203218026
271,0.1501308565987369,1.0,2.3522503514331214,-0.05624088962574421,-0.05624088962574424,0.35,False,0.0,0.1501308565987369
272,0.06629176809493506,1.0,2.357250328011403,-0.12010468527898953,-0.1201046852789895,0.35,False,0.0,0.06629176809493506
273,-0.053746562862705495,1.0,2.3622503048745553,-0.05303341447594805,-0.05303341447594807,0.35,False,0.0,-0.053746562862705495
274,-0.12205674744710678,1.0,2.367250282018803,0.0429972502901644,0.0429972502901644,0.35,False,0.0,-0.12205674744710678
275,-0.09989503898049679,1.0,2.372250259440429,0.09764539795768543,0.09764539795768543,0.35,False,0.0,-0.09989503898049679
276,-0.06747716844759706,1.0,2.3772502371357724,0.07991603118439744,0.07991603118439744,0.35,False,0.0,-0.06747716844759706
277,-0.10337957907770254,1.0,2.3822502151012284,0.05398173475807765,0.05398173475807765,0.35,False,0.0,-0.10337957907770254
278,-0.16719082275757746,1.0,2.3872501933332466,0.08270366326216204,0.08270366326216204,0.35,False,0.0,-0.16719082275757746
279,-0.03255996043972197,1.0,2.3922501718283327,0.13375265820606197,0.13375265820606197,0.35,False,0.0,-0.03255996043972197
280,0.023541769215590487,1.0,2.3972501505830395,0.02604796835177758,0.026047968351777574,0.35,False,0.0,0.023541769215590487
281,-0.00415537497313668,1.0,2.402250129593977,-0.018833415372472392,-0.0188334153724724,0.35,False,0.0,-0.00415537497313668
282,-0.02225303472073554,1.0,2.407250108857805,0.003324299978509344,0.00332429997850934,0.35,False,0.0,-0.02225303472073554
283,-0.05008894978584244,1.0,2.4122500883712323,0.01780242777658843,0.01780242777658843,0.35,False,0.0,-0.05008894978584244
284,-0.24713328789947828,1.0,2.417250068131018,0.04007115982867396,0.04007115982867396,0.35,False,0.0,-0.24713328789947828
285,-0.19853585993265116,1.0,2.422250048133969,0.19770663031958263,0.19770663031958263,0.35,False,0.0,-0.19853585993265116
286,-0.21863732992413548,1.0,2.4272500283769407,0.15882868794612093,0.15882868794612093,0.35,False,0.0,-0.21863732992413548
287,-0.2346310677041897,1.0,2.4322500088568346,0.1749098639393084,0.1749098639393084,0.35,False,0.0,-0.2346310677041897
288,-0.21892526863826128,1.0,2.4372499895705984,0.18770485416335178,0.18770485416335178,0.35,False,0.0,-0.21892526863826128
289,-0.11044253290591216,1.0,2.4422499705152263,0.17514021491060905,0.17514021491060905,0.35,False,0.0,-0.11044253290591216
290,-0.15350876850004666,1.0,2.4472499516877533,0.08835402632472973,0.08835402632472973,0.35,False,0.0,-0.15350876850004666
291,-0.21942920294630075,1.0,2.452249933085263,0.12280701480003733,0.12280701480003733,0.35,False,0.0,-0.21942920294630075
292,-0.12311867996357395,1.0,2.4572499147048794,0.1755433623570406,0.1755433623570406,0.35,False,0.0,-0.12311867996357395
293,-0.030536470475433633,1.0,2.4622498965437676,0.09849494397085917,0.09849494397085917,0.35,False,0.0,-0.030536470475433633
294,-0.08233010623362809,1.0,2.467249878599138,0.024429176380346907,0.024429176380346914,0.35,False,0.0,-0.08233010623362809
295,-0.021508459900841492,1.0,2.472249860868238,0.06586408498690248,0.06586408498690248,0.35,False,0.0,-0.021508459900841492
296,-0.029492296522799836,1.0,2.4772498433483583,0.017206767920673195,0.017206767920673195,0.35,False,0.0,-0.029492296522799836
297,-0.005804426562319316,1.0,2.482249826036826,0.02359383721823987,0.02359383721823987,0.35,False,0.0,-0.005804426562319316
298,-0.09236535002866633,1.0,2.487249808931011,0.0046435412498554525,0.004643541249855451,0.35,False,0.0,-0.09236535002866633
299,-0.0199524665376144,1.0,2.492249792028317,0.07389228002293306,0.07389228002293306,0.35,False,0.0,-0.0199524665376144
300,0.07599454553629141,1.0,2.4972497753261895,0.01596197323009152,0.01596197323009152,0.35,False,0.0,0.07599454553629141
301,0.11643183309675811,1.0,2.5022497588221078,-0.06079563642903313,-0.06079563642903313,0.35,False,0.0,0.11643183309675811
302,0.12874493328031367,1.0,2.507249742513589,-0.0931454664774065,-0.0931454664774065,0.35,False,0.0,0.12874493328031367
303,-0.16371201441975627,1.0,2.5122497263981876,-0.10299594662425093,-0.10299594662425093,0.35,False,0.0,-0.16371201441975627
304,-0.13394345572002694,1.0,2.5172497104734894,0.13096961153580503,0.13096961153580503,0.35,False,0.0,-0.13394345572002694
305,-0.09669668870884093,1.0,2.522249694737118,0.10715476457602156,0.10715476457602156,0.35,False,0.0,-0.09669668870884093
306,-0.08301284469836102,1.0,2.5272496791867303,0.07735735096707275,0.07735735096707275,0.35,False,0.0,-0.08301284469836102
307,-0.10009820336095883,1.0,2.5322496638200156,0.06641027575868882,0.06641027575868882,0.35,False,0.0,-0.10009820336095883
308,-0.07394170071706124,1.0,2.537249648634697,0.08007856268876706,0.08007856268876706,0.35,False,0.0,-0.07394170071706124
309,-0.021494054683031578,1.0,2.542249633628531,0.059153360573649,0.059153360573649,0.35,False,0.0,-0.021494054683031578
310,-0.026909253842663457,1.0,2.547249618799304,0.017195243746425264,0.01719524374642527,0.35,False,0.0,-0.026909253842663457
311,-0.06107429252662546,1.0,2.5522496041448353,0.021527403074130768,0.021527403074130768,0.35,False,0.0,-0.06107429252662546
312,0.040605791488253065,1.0,2.557249589662975,0.04885943402130037,0.04885943402130037,0.35,False,0.0,0.040605791488253065
313,-0.03217816465716647,1.0,2.5622495753516015,-0.032484633190602456,-0.03248463319060247,0.35,False,0.0,-0.03217816465716647
314,0.038943333561393005,1.0,2.5672495612086257,0.025742531725733177,0.025742531725733184,0.35,False,0.0,0.038943333561393005
315,0.04758122145774441,1.0,2.5722495472319875,-0.031154666849114405,-0.031154666849114405,0.35,False,0.0,0.04758122145774441
316,-0.02100695652077816,1.0,2.5772495334196543,-0.03806497716619553,-0.03806497716619553,0.35,False,0.0,-0.02100695652077816
317,-0.044903176219835896,1.0,2.582249519769624,0.01680556521662253,0.016805565216622523,0.35,False,0.0,-0.044903176219835896
318,-0.10200316717869017,1.0,2.5872495062799197,0.035922540975868715,0.035922540975868715,0.35,False,0.0,-0.10200316717869017
319,-0.030407953674536758,1.0,2.5922494929485937,0.08160253374295214,0.08160253374295214,0.35,False,0.0,-0.030407953674536758
320,0.010381339812455937,1.0,2.597249479773727,0.024326362939629406,0.024326362939629406,0.35,False,0.0,0.010381339812455937
321,-0.02397912213605691,1.0,2.6022494667534253,-0.00830507184996475,-0.008305071849964754,0.35,False,0.0,-0.02397912213605691
322,-0.09951204347596525,1.0,2.6072494538858204,0.01918329770884553,0.019183297708845536,0.35,False,0.0,-0.09951204347596525
323,-0.061837426214254906,1.0,2.6122494411690704,0.07960963478077221,0.07960963478077221,0.35,False,0.0,-0.061837426214254906
324,0.026794261784804832,1.0,2.6172494286013595,0.049469940971403926,0.049469940971403926,0.35,False,0.0,0.026794261784804832
325,0.017844412506666664,1.0,2.6222494161808965,-0.021435409427843867,-0.021435409427843867,0.35,False,0.0,0.017844412506666664
326,0.045790350758694386,1.0,2.6272494039059153,-0.014275530005333333,-0.014275530005333333,0.35,False,0.0,0.045790350758694386
327,0.01081675369639899,1.0,2.632249391774673,-0.03663228060695551,-0.03663228060695551,0.35,False,0.0,0.01081675369639899
328,0.0115224118838108,1.0,2.6372493797854513,-0.008653402957119192,-0.008653402957119189,0.35,False,0.0,0.0115224118838108
329,-0.016765082492865627,1.0,2.6422493679365546,-0.00921792950704864,-0.00921792950704864,0.35,False,0.0,-0.016765082492865627
330,0.008511744396008195,1.0,2.647249356226313,0.013412065994292503,0.013412065994292507,0.35,False,0.0,0.008511744396008195
331,-0.10093625606713912,1.0,2.6522493446530753,-0.006809395516806556,-0.006809395516806558,0.35,False,0.0,-0.10093625606713912
332,-0.042532006475277134,1.0,2.6572493332152174,0.0807490048537113,0.0807490048537113,0.35,False,0.0,-0.042532006475277134
333,-0.03716353544591909,1.0,2.662249321911133,0.034025605180221706,0.034025605180221706,0.35,False,0.0,-0.03716353544591909
334,-0.004567277070776308,1.0,2.667249310739241,0.029730828356735274,0.029730828356735274,0.35,False,0.0,-0.004567277070776308
335,-0.017821001641307906,1.0,2.6722492996979783,0.003653821656621047,0.003653821656621046,0.35,False,0.0,-0.017821001641307906
336,0.0023956182377210563,1.0,2.677249288785806,0.014256801313046324,0.014256801313046324,0.35,False,0.0,0.0023956182377210563
337,-0.06722362510291524,1.0,2.682249278001205,-0.0019164945901768453,-0.0019164945901768433,0.35,False,0.0,-0.06722362510291524
338,0.022683111829627272,1.0,2.6872492673426747,0.053778900082332194,0.053778900082332194,0.35,False,0.0,0.022683111829627272
339,-0.09345813671025707,1.0,2.6922492568087386,-0.01814648946370182,-0.01814648946370181,0.35,False,0.0,-0.09345813671025707
340,-0.1514750494896692,1.0,2.6972492463979365,0.07476650936820566,0.07476650936820566,0.35,False,0.0,-0.1514750494896692
341,-0.099032178982019,1.0,2.702249236108828,0.12118003959173536,0.12118003959173536,0.35,False,0.0,-0.099032178982019
342,0.0317186612108603,1.0,2.707249225939993,0.0792257431856152,0.0792257431856152,0.35,False,0.0,0.0317186612108603
343,0.059117596539505116,1.0,2.712249215890032,-0.02537492896868824,-0.025374928968688256,0.35,False,0.0,0.059117596539505116
344,0.025107420195455234,1.0,2.7172492059575606,-0.047294077231604094,-0.047294077231604094,0.35,False,0.0,0.025107420195455234
345,-0.08180922678869056,1.0,2.7222491961412145,-0.020085936156364188,-0.020085936156364188,0.35,False,0.0,-0.08180922678869056
346,-0.08377590364142475,1.0,2.7272491864396478,0.06544738143095245,0.06544738143095245,0.35,False,0.0,-0.08377590364142475
347,-0.06406003578016113,1.0,2.7322491768515325,0.0670207229131398,0.0670207229131398,0.35,False,0.0,-0.06406003578016113
348,0.06892684820585056,1.0,2.737249167375556,0.05124802862412891,0.05124802862412891,0.35,False,0.0,0.06892684820585056
349,0.1099114695024664,1.0,2.742249158010426,-0.05514147856468045,-0.05514147856468046,0.35,False,0.0,0.1099114695024664
350,-0.015535172073350444,1.0,2.747249148754864,-0.08792917560197312,-0.08792917560197312,0.35,False,0.0,-0.015535172073350444
351,0.11239672919143007,1.0,2.752249139607613,0.012428137658680356,0.012428137658680364,0.35,False,0.0,0.11239672919143007
352,0.07174036968100522,1.0,2.757249130567427,-0.08991738335314406,-0.08991738335314406,0.35,False,0.0,0.07174036968100522
353,-0.015686496968927585,1.0,2.76224912163308,-0.05739229574480418,-0.05739229574480418,0.35,False,0.0,-0.015686496968927585
354,0.0807013370760321,1.0,2.7672491128033596,0.01254919757514207,0.012549197575142081,0.35,False,0.0,0.0807013370760321
355,0.06921508540147096,1.0,2.772249104077072,-0.06456106966082568,-0.06456106966082568,0.35,False,0.0,0.06921508540147096
356,0.024639282263787882,1.0,2.777249095453036,-0.055372068321176776,-0.055372068321176776,0.35,False,0.0,0.024639282263787882
357,0.03121100432713984,1.0,2.7822490869300878,-0.019711425811030307,-0.019711425811030314,0.35,False,0.0,0.03121100432713984
358,0.08067207108753063,1.0,2.787249078507077,-0.024968803461711875,-0.024968803461711875,0.35,False,0.0,0.08067207108753063
359,0.14030828677070814,1.0,2.79224907018287,-0.06453765687002451,-0.06453765687002451,0.35,False,0.0,0.14030828677070814
360,0.07994852197403983,1.0,2.797249061956346,-0.11224662941656652,-0.11224662941656652,0.1,False,0.0,0.07994852197403983
361,0.093305065686019,1.0,2.8022490538263995,-0.06395881757923187,-0.06395881757923187,0.1,False,0.0,0.093305065686019
362,0.08984420136051388,1.0,2.8072490457919397,-0.0746440525488152,-0.0746440525488152,0.1,False,0.0,0.08984420136051388
363,0.060164545759347786,1.0,2.8122490378518887,-0.07187536108841111,-0.07187536108841111,0.1,False,0.0,0.060164545759347786
364,0.02602397520539209,1.0,2.8172490300051827,-0.04813163660747823,-0.04813163660747823,0.1,False,0.0,0.02602397520539209
365,-0.004453533173554683,1.0,2.822249022250773,-0.020819180164313673,-0.020819180164313673,0.1,False,0.0,-0.004453533173554683
366,-0.003898657207830881,1.0,2.827249014587621,0.0035628265388437464,0.0035628265388437485,0.1,False,0.0,-0.003898657207830881
367,-0.015868618630011353,1.0,2.832249007014705,0.0031189257662647047,0.0031189257662647047,0.1,False,0.0,-0.015868618630011353
368,-0.0265346856807715,1.0,2.8372489995310133,0.012694894904009083,0.012694894904009083,0.1,False,0.0,-0.0265346856807715
369,-0.005870176966003476,1.0,2.8422489921355494,0.021227748544617203,0.021227748544617203,0.1,False,0.0,-0.005870176966003476
370,0.005844383067350534,1.0,2.847248984827327,0.004696141572802782,0.004696141572802782,0.1,False,0.0,0.005844383067350534
371,-0.002103614542460243,1.0,2.852248977605375,-0.0046755064538804274,-0.0046755064538804274,0.1,False,0.0,-0.002103614542460243
372,0.011947128381426706,1.0,2.8572489704687327,0.0016828916339681945,0.0016828916339681945,0.1,False,0.0,0.011947128381426706
373,0.03725988011541932,1.0,2.862248963416452,-0.009557702705141365,-0.009557702705141365,0.1,False,0.0,0.03725988011541932
374,0.009598564173371982,1.0,2.8672489564475967,-0.02980790409233546,-0.029807904092335465,0.1,False,0.0,0.009598564173371982
375,-0.0074525491586397725,1.0,2.872248949561242,-0.007678851338697586,-0.007678851338697582,0.1,False,0.0,-0.0074525491586397725
376,0.010430378649025936,1.0,2.877248942756475,0.0059620393269118185,0.0059620393269118185,0.1,False,0.0,0.010430378649025936
377,0.023999716386166357,1.0,2.8822489360323935,-0.00834430291922075,-0.00834430291922075,0.1,False,0.0,0.023999716386166357
378,0.02383051873525872,1.0,2.887248929388109,-0.019199773108933088,-0.019199773108933088,0.1,False,0.0,0.02383051873525872
379,0.04275099721524355,1.0,2.8922489228227417,-0.019064414988206976,-0.019064414988206976,0.1,False,0.0,0.04275099721524355
380,0.010352760653227794,1.0,2.8972489163354225,-0.03420079777219484,-0.03420079777219484,0.1,False,0.0,0.010352760653227794
381,-0.02344912017513931,1.0,2.9022489099252944,-0.008282208522582235,-0.008282208522582239,0.1,False,0.0,-0.02344912017513931
382,-0.03805969020734227,1.0,2.907248903591512,0.01875929614011145,0.018759296140111455,0.1,False,0.0,-0.03805969020734227
383,-0.028703128576245872,1.0,2.912248897333236,0.030447752165873816,0.030447752165873816,0.1,False,0.0,-0.028703128576245872
384,-0.036758221707706644,1.0,2.9172488911496424,0.0229625028609967,0.0229625028609967,0.1,False,0.0,-0.036758221707706644
385,-0.03957732183185465,1.0,2.922248885039915,0.029406577366165317,0.029406577366165317,0.1,False,0.0,-0.03957732183185465
386,-0.04567045534200458,1.0,2.9272488790032476,0.03166185746548372,0.03166185746548372,0.1,False,0.0,-0.04567045534200458
387,-0.04789495381332114,1.0,2.9322488730388447,0.03653636427360367,0.03653636427360367,0.1,False,0.0,-0.04789495381332114
388,-0.05659910441425561,1.0,2.93724886714592,0.03831596305065691,0.03831596305065691,0.1,False,0.0,-0.05659910441425561
389,-0.03504278413721915,1.0,2.942248861323696,0.04527928353140449,0.04527928353140449,0.1,False,0.0,-0.03504278413721915
390,-0.007315696729467263,1.0,2.947248855571407,0.028034227309775325,0.028034227309775325,0.1,False,0.0,-0.007315696729467263
391,-0.013729866398605895,1.0,2.952248849888295,0.00585255738357381,0.005852557383573812,0.1,False,0.0,-0.013729866398605895
392,-0.012812766570798738,1.0,2.95724884427361,0.010983893118884716,0.010983893118884716,0.1,False,0.0,-0.012812766570798738
393,-0.02448319177316393,1.0,2.9622488387266133,0.01025021325663899,0.01025021325663899,0.1,False,0.0,-0.02448319177316393
394,-0.007730054102855715,1.0,2.967248833246576,0.019586553418531147,0.019586553418531147,0.1,False,0.0,-0.007730054102855715
395,-0.0037143053663636245,1.0,2.972248827832774,0.006184043282284573,0.006184043282284573,0.1,False,0.0,-0.0037143053663636245
396,0.0315360972729737,1.0,2.977248822484495,0.0029714442930909,0.0029714442930909,0.1,False,0.0,0.0315360972729737
397,0.0034025944385882713,1.0,2.982248817201036,-0.02522887781837896,-0.02522887781837896,0.1,False,0.0,0.0034025944385882713
398,0.007518818914051671,1.0,2.9872488119816993,-0.0027220755508706174,-0.0027220755508706174,0.1,False,0.0,0.007518818914051671
399,0.013145447924314024,1.0,2.9922488068257986,-0.006015055131241337,-0.006015055131241337,0.1,False,0.0,0.013145447924314024
400,0.004513518829419493,1.0,2.9972488017326544,-0.01051635833945122,-0.01051635833945122,0.1,False,0.0,0.004513518829419493
401,0.012189702707782656,1.0,3.0022487967015947,-0.003610815063535595,-0.003610815063535595,0.1,False,0.0,0.012189702707782656
402,-0.01808244964553124,1.0,3.0072487917319575,-0.009751762166226126,-0.009751762166226126,0.1,False,0.0,-0.01808244964553124
403,0.02543995417792767,1.0,3.0122487868230867,0.014465959716424993,0.014465959716424996,0.1,False,0.0,0.02543995417792767
404,-0.0031755608393034926,1.0,3.017248781974335,-0.020351963342342138,-0.020351963342342145,0.1,False,0.0,-0.0031755608393034926
405,0.012997046568366883,1.0,3.022248777185063,0.0025404486714427944,0.0025404486714427944,0.1,False,0.0,0.012997046568366883
406,-0.010552556103891903,1.0,3.0272487724546377,-0.010397637254693507,-0.010397637254693507,0.1,False,0.0,-0.010552556103891903
407,0.013347443013359796,1.0,3.0322487677824363,0.008442044883113523,0.008442044883113523,0.1,False,0.0,0.013347443013359796
408,0.005065810973518452,1.0,3.037248763167839,-0.010677954410687838,-0.010677954410687838,0.1,False,0.0,0.005065810973518452
409,0.006713231657377272,1.0,3.042248758610237,-0.004052648778814762,-0.004052648778814762,0.1,False,0.0,0.006713231657377272
410,0.007059276112541954,1.0,3.0472487541090283,-0.0053705853259018175,-0.0053705853259018175,0.1,False,0.0,0.007059276112541954
411,0.025768999724560305,1.0,3.0522487496636157,-0.0056474208900335636,-0.0056474208900335636,0.1,False,0.0,0.025768999724560305
412,0.017000954417268774,1.0,3.0572487452734114,-0.020615199779648246,-0.020615199779648246,0.1,False,0.0,0.017000954417268774
413,-0.049213687226660835,1.0,3.062248740937832,-0.01360076353381502,-0.01360076353381502,0.1,False,0.0,-0.049213687226660835
414,-0.05896400650779951,1.0,3.067248736656305,0.03937094978132867,0.03937094978132867,0.1,False,0.0,-0.05896400650779951
415,-0.04035570989515613,1.0,3.07224873242826,0.04717120520623961,0.04717120520623961,0.1,False,0.0,-0.04035570989515613
416,-0.037378987165631934,1.0,3.0772487282531356,0.032284567916124905,0.032284567916124905,0.1,False,0.0,-0.037378987165631934
417,-0.010952193144220593,1.0,3.082248724130378,0.02990318973250555,0.02990318973250555,0.1,False,0.0,-0.010952193144220593
418,0.01513530164801575,1.0,3.0872487200594363,0.008761754515376474,0.008761754515376474,0.1,False,0.0,0.01513530164801575
419,0.010949171749549607,1.0,3.092248716039769,-0.0121082413184126,-0.0121082413184126,0.1,False,0.0,0.010949171749549607
420,-0.02484768610706972,1.0,3.09724871207084,-0.008759337399639687,-0.008759337399639687,0.1,False,0.0,-0.02484768610706972
421,0.007226886735318659,1.0,3.1022487081521204,0.019878148885655776,0.019878148885655776,0.1,False,0.0,0.007226886735318659
422,0.02749258952060984,1.0,3.1072487042830845,-0.005781509388254928,-0.005781509388254926,0.1,False,0.0,0.02749258952060984
423,0.018005623584673464,1.0,3.1122487004632164,-0.021994071616487875,-0.021994071616487875,0.1,False,0.0,0.018005623584673464
424,0.0550367174364951,1.0,3.1172486966920028,-0.014404498867738771,-0.014404498867738771,0.1,False,0.0,0.0550367174364951
425,0.037169384496716765,1.0,3.122248692968938,-0.044029373949196086,-0.044029373949196086,0.1,False,0.0,0.037169384496716765
426,0.0026956917599862892,1.0,3.1272486892935225,-0.029735507597373412,-0.029735507597373412,0.1,False,0.0,0.0026956917599862892
427,-0.0052864437591248195,1.0,3.132248685665261,-0.0021565534079890313,-0.0021565534079890343,0.1,False,0.0,-0.0052864437591248195
428,0.019008967523593982,1.0,3.1372486820836647,0.004229155007299856,0.004229155007299856,0.1,False,0.0,0.019008967523593982
429,-0.004116849559184372,1.0,3.1422486785482517,-0.015207174018875187,-0.015207174018875187,0.1,False,0.0,-0.004116849559184372
430,0.034392276842834,1.0,3.1472486750585422,0.003293479647347498,0.0032934796473475,0.1,False,0.0,0.034392276842834
431,0.012629931259919285,1.0,3.1522486716140663,-0.027513821474267203,-0.027513821474267203,0.1,False,0.0,0.012629931259919285
432,0.0252823579665214,1.0,3.1572486682143537,-0.010103945007935428,-0.010103945007935431,0.1,False,0.0,0.0252823579665214
433,0.030201922949912613,1.0,3.1622486648589456,-0.020225886373217122,-0.020225886373217122,0.1,False,0.0,0.030201922949912613
434,0.01994880351931568,1.0,3.1672486615473847,-0.024161538359930092,-0.024161538359930092,0.1,False,0.0,0.01994880351931568
435,0.036162690286208325,1.0,3.172248658279219,-0.015959042815452542,-0.015959042815452542,0.1,False,0.0,0.036162690286208325
436,-0.0004143629179871095,1.0,3.177248655054003,-0.028930152228966662,-0.028930152228966662,0.1,False,0.0,-0.0004143629179871095
437,0.021604324124078474,1.0,3.1822486518712942,0.00033149033438968764,0.0003314903343896907,0.1,False,0.0,0.021604324124078474
438,0.018201475811650332,1.0,3.1872486487306584,-0.01728345929926278,-0.01728345929926278,0.1,False,0.0,0.018201475811650332
439,0.002075843693794561,1.0,3.192248645631662,-0.014561180649320266,-0.014561180649320266,0.1,False,0.0,0.002075843693794561
440,0.01299910907217645,1.0,3.19724864257388,-0.0016606749550356487,-0.0016606749550356487,0.1,False,0.0,0.01299910907217645
441,0.034830650467537805,1.0,3.202248639556889,-0.010399287257741162,-0.010399287257741162,0.1,False,0.0,0.034830650467537805
442,0.04244781497957466,1.0,3.2072486365802737,-0.027864520374030245,-0.027864520374030245,0.1,False,0.0,0.04244781497957466
443,0.0706651764784352,1.0,3.2122486336436205,-0.033958251983659725,-0.033958251983659725,0.1,False,0.0,0.0706651764784352
444,0.0756625614041364,1.0,3.217248630746521,-0.056532141182748165,-0.056532141182748165,0.1,False,0.0,0.0756625614041364
445,0.0845284444400833,1.0,3.2222486278885727,-0.060530049123309115,-0.060530049123309115,0.1,False,0.0,0.0845284444400833
446,0.05306915783676795,1.0,3.2272486250693766,-0.06762275555206664,-0.06762275555206664,0.1,False,0.0,0.05306915783676795
447,0.03740616574321249,1.0,3.2322486222885374,-0.04245532626941437,-0.04245532626941437,0.1,False,0.0,0.03740616574321249
448,0.039221731640085494,1.0,3.2372486195456665,-0.029924932594569992,-0.029924932594569992,0.1,False,0.0,0.039221731640085494
449,0.0283795947420547,1.0,3.2422486168403752,-0.0313773853120684,-0.0313773853120684,0.1,False,0.0,0.0283795947420547
450,0.02767213915790666,1.0,3.2472486141722845,-0.02270367579364376,-0.02270367579364376,0.1,False,0.0,0.02767213915790666
451,0.02912652252193259,1.0,3.2522486115410163,-0.02213771132632533,-0.02213771132632533,0.1,False,0.0,0.02912652252193259
452,0.036733536258132186,1.0,3.2572486089461967,-0.023301218017546074,-0.023301218017546074,0.1,False,0.0,0.036733536258132186
453,0.026395344708914616,1.0,3.2622486063874563,-0.02938682900650575,-0.02938682900650575,0.1,False,0.0,0.026395344708914616
454,0.014016974009951848,1.0,3.2672486038644304,-0.021116275767131695,-0.021116275767131695,0.1,False,0.0,0.014016974009951848
455,-0.009484479726351896,1.0,3.272248601376757,-0.01121357920796148,-0.01121357920796148,0.1,False,0.0,-0.009484479726351896
456,-0.027145457241643637,1.0,3.2772485989240807,0.007587583781081517,0.007587583781081517,0.1,False,0.0,-0.027145457241643637
457,0.00017985453576446246,1.0,3.2822485965060464,0.02171636579331491,0.02171636579331491,0.1,False,0.0,0.00017985453576446246
458,0.0026041739588370623,1.0,3.287248594122304,-0.00014388362861156997,-0.00014388362861157003,0.1,False,0.0,0.0026041739588370623
459,0.01745326590319124,1.0,3.2922485917725095,-0.00208333916706965,-0.00208333916706965,0.1,False,0.0,0.01745326590319124
460,-0.009369032585973892,1.0,3.2972485894563195,-0.013962612722552992,-0.013962612722552992,0.1,False,0.0,-0.009369032585973892
461,-0.0481319210250521,1.0,3.3022485871733958,0.007495226068779114,0.007495226068779112,0.1,False,0.0,-0.0481319210250521
462,-0.061526218618079706,1.0,3.3072485849234043,0.03850553682004168,0.03850553682004168,0.1,False,0.0,-0.061526218618079706
463,-0.02491393480369271,1.0,3.3122485827060135,0.04922097489446377,0.04922097489446377,0.1,False,0.0,-0.02491393480369271
464,0.005841933558059886,1.0,3.3172485805208947,0.019931147842954168,0.019931147842954168,0.1,False,0.0,0.005841933558059886
465,0.013502417157893598,1.0,3.322248578367726,-0.004673546846447909,-0.004673546846447909,0.1,False,0.0,0.013502417157893598
466,-0.0036928683706580726,1.0,3.327248576246185,-0.01080193372631488,-0.01080193372631488,0.1,False,0.0,-0.0036928683706580726
467,-0.009125547298116399,1.0,3.3322485741559547,0.002954294696526458,0.002954294696526459,0.1,False,0.0,-0.009125547298116399
468,-0.011159649073117164,1.0,3.337248572096722,0.0073004378384931195,0.007300437838493118,0.1,False,0.0,-0.011159649073117164
469,-0.016081702579729858,1.0,3.3422485700681763,0.008927719258493732,0.008927719258493732,0.1,False,0.0,-0.016081702579729858
470,-0.06294000638341839,1.0,3.347248568070011,0.012865362063783886,0.012865362063783886,0.1,False,0.0,-0.06294000638341839
471,-0.06774244370088289,1.0,3.352248566101921,0.05035200510673471,0.05035200510673471,0.1,False,0.0,-0.06774244370088289
472,-0.054192251521531905,1.0,3.3572485641636063,0.054193954960706316,0.054193954960706316,0.1,False,0.0,-0.054192251521531905
473,-0.008739981988330165,1.0,3.362248562254769,0.04335380121722553,0.04335380121722553,0.1,False,0.0,-0.008739981988330165
474,0.0008984833715088267,1.0,3.367248560375115,0.006991985590664132,0.006991985590664126,0.1,False,0.0,0.0008984833715088267
475,0.030327831311490795,1.0,3.3722485585243533,-0.0007187866972070614,-0.0007187866972070622,0.1,False,0.0,0.030327831311490795
476,0.015259904932161991,1.0,3.3772485567021957,-0.024262265049192638,-0.024262265049192638,0.1,False,0.0,0.015259904932161991
477,0.0075943366359984615,1.0,3.3822485549083567,-0.012207923945729594,-0.012207923945729594,0.1,False,0.0,0.0075943366359984615
478,-0.0752713130120836,1.0,3.387248553142554,-0.0060754693087987695,-0.0060754693087987695,0.1,False,0.0,-0.0752713130120836
479,-0.053569924959590814,1.0,3.392248551404509,0.060217050409666885,0.060217050409666885,0.1,False,0.0,-0.053569924959590814
480,-0.02670837739165676,1.0,3.3972485496939453,0.04285593996767265,0.04285593996767265,0.1,False,0.0,-0.02670837739165676
481,0.01898876269593613,1.0,3.4022485480105895,0.02136670191332541,0.02136670191332541,0.1,False,0.0,0.01898876269593613
482,0.009811103961132217,1.0,3.4072485463541704,-0.015191010156748905,-0.015191010156748909,0.1,False,0.0,0.009811103961132217
483,0.009033615404622991,1.0,3.412248544724422,-0.007848883168905774,-0.007848883168905774,0.1,False,0.0,0.009033615404622991
484,-0.009660104148823685,1.0,3.4172485431210773,-0.007226892323698393,-0.007226892323698393,0.1,False,0.0,-0.009660104148823685
485,-0.032565082906556936,1.0,3.4222485415438753,0.007728083319058949,0.007728083319058947,0.1,False,0.0,-0.032565082906556936
486,-0.041774487718468235,1.0,3.4272485399925556,0.02605206632524555,0.02605206632524555,0.1,False,0.0,-0.041774487718468235
487,-0.03642816372363134,1.0,3.432248538466863,0.03341959017477459,0.03341959017477459,0.1,False,0.0,-0.03642816372363134
488,-0.0012737331430435063,1.0,3.437248536966543,0.029142530978905075,0.029142530978905075,0.1,False,0.0,-0.0012737331430435063
489,0.002767468351585493,1.0,3.4422485354913426,0.001018986514434805,0.001018986514434801,0.1,False,0.0,0.002767468351585493
490,-0.01349947655005089,1.0,3.4472485340410146,-0.002213974681268394,-0.0022139746812683933,0.1,False,0.0,-0.01349947655005089
491,-0.008793888621080843,1.0,3.452248532615312,0.010799581240040712,0.010799581240040712,0.1,False,0.0,-0.008793888621080843
492,-0.00116825136482434,1.0,3.4572485312139905,0.007035110896864674,0.007035110896864674,0.1,False,0.0,-0.00116825136482434
493,-0.014045584110662692,1.0,3.46224852983681,0.000934601091859472,0.0009346010918594711,0.1,False,0.0,-0.014045584110662692
494,0.011021914638653763,1.0,3.4672485284835304,0.011236467288530155,0.011236467288530155,0.1,False,0.0,0.011021914638653763
495,-0.027223423856467394,1.0,3.4722485271539156,-0.00881753171092301,-0.008817531710923013,0.1,False,0.0,-0.027223423856467394
496,-0.029083386289398206,1.0,3.477248525847733,0.021778739085173915,0.021778739085173915,0.1,False,0.0,-0.029083386289398206
497,-0.006700505545978058,1.0,3.4822485245647488,0.023266709031518566,0.023266709031518566,0.1,False,0.0,-0.006700505545978058
498,-0.03002169939599048,1.0,3.4872485233047357,0.005360404436782446,0.005360404436782446,0.1,False,0.0,-0.03002169939599048
499,-0.01757611676334828,1.0,3.4922485220674653,0.024017359516792385,0.024017359516792385,0.1,False,0.0,-0.01757611676334828
500,0.015054496067927636,1.0,3.4972485208527138,0.014060893410678624,0.014060893410678624,0.1,False,0.0,0.015054496067927636
501,0.021520877445731244,1.0,3.50224851966026,-0.01204359685434211,-0.012043596854342106,0.1,False,0.0,0.021520877445731244
502,-0.01635184029136108,1.0,3.507248518489881,-0.017216701956584996,-0.017216701956584996,0.1,False,0.0,-0.01635184029136108
503,-0.03205522488116807,1.0,3.512248517341362,0.013081472233088864,0.013081472233088864,0.1,False,0.0,-0.03205522488116807
504,-0.0014619205402946445,1.0,3.517248516214485,0.025644179904934457,0.025644179904934457,0.1,False,0.0,-0.0014619205402946445
505,0.006911588899239042,1.0,3.522248515109038,0.0011695364322357156,0.0011695364322357176,0.1,False,0.0,0.006911588899239042
506,0.00939330218731223,1.0,3.5272485140248087,-0.005529271119391234,-0.005529271119391234,0.1,False,0.0,0.00939330218731223
507,0.015207428773407475,1.0,3.5322485129615893,-0.007514641749849784,-0.007514641749849784,0.1,False,0.0,0.015207428773407475
508,0.02539795252625974,1.0,3.5372485119191706,-0.012165943018725981,-0.012165943018725981,0.1,False,0.0,0.02539795252625974
509,0.00754465518332687,1.0,3.542248510897349,-0.020318362021007792,-0.020318362021007792,0.1,False,0.0,0.00754465518332687
510,-0.002092207026163549,1.0,3.5472485098959226,-0.0060357241466614964,-0.0060357241466614964,0.1,False,0.0,-0.002092207026163549
511,0.0010098311992554896,1.0,3.552248508914688,0.0016737656209308395,0.0016737656209308395,0.1,False,0.0,0.0010098311992554896
512,-0.010249769075102892,1.0,3.5572485079534473,-0.0008078649594043917,-0.0008078649594043919,0.1,False,0.0,-0.010249769075102892
513,-0.01277474986480891,1.0,3.5622485070120042,0.008199815260082314,0.008199815260082314,0.1,False,0.0,-0.01277474986480891
514,0.016579806311313464,1.0,3.5672485060901638,0.010219799891847129,0.010219799891847129,0.1,False,0.0,0.016579806311313464
515,-0.0044200404737941516,1.0,3.5722485051877313,-0.013263845049050772,-0.013263845049050775,0.1,False,0.0,-0.0044200404737941516
516,0.03562413931684055,1.0,3.5772485043045172,0.0035360323790353215,0.0035360323790353245,0.1,False,0.0,0.03562413931684055
517,0.06649381895269893,1.0,3.5822485034403315,-0.028499311453472443,-0.02849931145347245,0.1,False,0.0,0.06649381895269893
518,0.01729596681550713,1.0,3.5872485025949876,-0.053195055162159145,-0.053195055162159145,0.1,False,0.0,0.01729596681550713
519,0.007099436237220284,1.0,3.5922485017682995,-0.013836773452405705,-0.013836773452405702,0.1,False,0.0,0.007099436237220284
520,0.007815459011767441,1.0,3.5972485009600828,-0.0056795489897762275,-0.0056795489897762275,0.1,False,0.0,0.007815459011767441
521,-0.0077440160971671505,1.0,3.6022485001701576,-0.006252367209413953,-0.006252367209413953,0.1,False,0.0,-0.0077440160971671505
522,-0.023740404979611312,1.0,3.6072484993983416,0.006195212877733721,0.006195212877733721,0.1,False,0.0,-0.023740404979611312
523,-0.021727031433125002,1.0,3.612248498644458,0.018992323983689052,0.018992323983689052,0.1,False,0.0,-0.021727031433125002
524,0.0005283363064777961,1.0,3.617248497908329,0.0173816251465,0.0173816251465,0.1,False,0.0,0.0005283363064777961
525,-0.009333206558673188,1.0,3.622248497189781,-0.0004226690451822369,-0.0004226690451822368,0.1,False,0.0,-0.009333206558673188
526,0.028095932557911592,1.0,3.6272484964886402,0.007466565246938551,0.007466565246938551,0.1,False,0.0,0.028095932557911592
527,0.029609193138472982,1.0,3.6322484958047356,-0.022476746046329276,-0.022476746046329276,0.1,False,0.0,0.029609193138472982
528,0.020040351461811753,1.0,3.637248495137897,-0.023687354510778386,-0.023687354510778386,0.1,False,0.0,0.020040351461811753
529,0.04322442450604277,1.0,3.642248494487956,-0.016032281169449405,-0.016032281169449405,0.1,False,0.0,0.04322442450604277
530,0.0482160110538703,1.0,3.6472484938547476,-0.03457953960483422,-0.03457953960483422,0.1,False,0.0,0.0482160110538703
531,0.041422659285922384,1.0,3.6522484932381056,-0.038572808843096246,-0.038572808843096246,0.1,False,0.0,0.041422659285922384
532,0.025391240824814528,1.0,3.657248492637867,-0.03313812742873791,-0.03313812742873791,0.1,False,0.0,0.025391240824814528
533,0.0517694483037458,1.0,3.6622484920538705,-0.020312992659851623,-0.020312992659851623,0.1,False,0.0,0.0517694483037458
534,0.05842000441261822,1.0,3.6672484914859553,-0.04141555864299665,-0.04141555864299665,0.1,False,0.0,0.05842000441261822
535,0.04020245817561592,1.0,3.672248490933964,-0.04673600353009458,-0.04673600353009458,0.1,False,0.0,0.04020245817561592
536,-0.001729999571753679,1.0,3.677248490397739,-0.03216196654049274,-0.03216196654049274,0.1,False,0.0,-0.001729999571753679
537,-0.0003623783562329641,1.0,3.6822484898771246,0.0013839996574029432,0.0013839996574029473,0.1,False,0.0,-0.0003623783562329641
538,-0.02425562263416695,1.0,3.687248489371967,0.00028990268498637126,0.00028990268498637115,0.1,False,0.0,-0.02425562263416695
539,-0.05156877263539201,1.0,3.6922484888821137,0.01940449810733356,0.01940449810733356,0.1,False,0.0,-0.05156877263539201
540,-0.049882987958203145,1.0,3.6972484884074137,0.04125501810831361,0.04125501810831361,0.1,False,0.0,-0.049882987958203145
541,-0.030241970813868133,1.0,3.7022484879477173,0.039906390366562516,0.039906390366562516,0.1,False,0.0,-0.030241970813868133
542,0.004269070718735343,1.0,3.707248487502877,0.024193576651094506,0.024193576651094506,0.1,False,0.0,0.004269070718735343
543,0.012140322238951918,1.0,3.7122484870727455,-0.003415256574988274,-0.003415256574988274,0.1,False,0.0,0.012140322238951918
544,0.02547030253197591,1.0,3.717248486657177,-0.009712257791161534,-0.009712257791161534,0.1,False,0.0,0.02547030253197591
545,-0.002598302254124184,1.0,3.7222484862560274,-0.02037624202558073,-0.02037624202558073,0.1,False,0.0,-0.002598302254124184
546,-0.005047887698981129,1.0,3.7272484858691555,0.0020786418032993476,0.0020786418032993506,0.1,False,0.0,-0.005047887698981129
547,-0.0018220680869715411,1.0,3.73224848549642,0.004038310159184904,0.004038310159184904,0.1,False,0.0,-0.0018220680869715411
548,0.014097504779219,1.0,3.7372484851376795,0.001457654469577233,0.001457654469577233,0.1,False,0.0,0.014097504779219
549,0.016606376467278996,1.0,3.742248484792797,-0.011278003823375201,-0.011278003823375205,0.1,False,0.0,0.016606376467278996
550,0.02800063995352058,1.0,3.7472484844616343,-0.013285101173823198,-0.013285101173823198,0.1,False,0.0,0.02800063995352058
551,0.011350231395981944,1.0,3.7522484841440558,-0.022400511962816463,-0.022400511962816463,0.1,False,0.0,0.011350231395981944
552,0.013704743855312972,1.0,3.7572484838399274,-0.009080185116785556,-0.009080185116785556,0.1,False,0.0,0.013704743855312972
553,0.017179184874651077,1.0,3.762248483549115,-0.010963795084250378,-0.010963795084250378,0.1,False,0.0,0.017179184874651077
554,-0.014072435007065289,1.0,3.7672484832714868,-0.013743347899720863,-0.013743347899720863,0.1,False,0.0,-0.014072435007065289
555,-0.007257562923684612,1.0,3.772248483006912,0.011257948005652232,0.011257948005652232,0.1,False,0.0,-0.007257562923684612
556,-0.011948921091696386,1.0,3.7772484827552613,0.0058060503389476895,0.0058060503389476895,0.1,False,0.0,-0.011948921091696386
557,-0.04559502446850497,1.0,3.7822484825164056,0.00955913687335711,0.00955913687335711,0.1,False,0.0,-0.04559502446850497
558,-0.018719028206694893,1.0,3.7872484822902184,0.036476019574803974,0.036476019574803974,0.1,False,0.0,-0.018719028206694893
559,-0.019899944698555844,1.0,3.7922484820765727,0.014975222565355915,0.014975222565355915,0.1,False,0.0,-0.019899944698555844
560,-0.03192809934962898,1.0,3.7972484818753456,0.015919955758844678,0.015919955758844678,0.1,False,0.0,-0.03192809934962898
561,-0.032645362903105844,1.0,3.8022484816864117,0.025542479479703187,0.025542479479703187,0.1,False,0.0,-0.032645362903105844
562,-0.019093163103863248,1.0,3.8072484815096495,0.026116290322484678,0.026116290322484678,0.1,False,0.0,-0.019093163103863248
563,0.01352253320636848,1.0,3.812248481344937,0.015274530483090598,0.015274530483090598,0.1,False,0.0,0.01352253320636848
564,0.008944780828181642,1.0,3.8172484811921548,-0.010818026565094785,-0.010818026565094788,0.1,False,0.0,0.008944780828181642
565,0.017047543365459803,1.0,3.8222484810511834,-0.0071558246625453145,-0.0071558246625453145,0.1,False,0.0,0.017047543365459803
566,0.043574294162335894,1.0,3.8272484809219045,-0.013638034692367844,-0.013638034692367844,0.1,False,0.0,0.043574294162335894
567,0.04302284903101848,1.0,3.832248480804202,-0.03485943532986872,-0.03485943532986872,0.1,False,0.0,0.04302284903101848
568,0.054534527258836486,1.0,3.8372484806979603,-0.03441827922481479,-0.03441827922481479,0.1,False,0.0,0.054534527258836486
569,0.032109109849022016,1.0,3.8422484806030637,-0.043627621807069195,-0.043627621807069195,0.1,False,0.0,0.032109109849022016
570,0.036844875363296344,1.0,3.8472484805193994,-0.025687287879217615,-0.025687287879217615,0.1,False,0.0,0.036844875363296344
571,0.025762911761037902,1.0,3.852248480446854,-0.029475900290637076,-0.029475900290637076,0.1,False,0.0,0.025762911761037902
572,0.0392601043502113,1.0,3.857248480385317,-0.020610329408830324,-0.020610329408830324,0.1,False,0.0,0.0392601043502113
573,0.011417424540856647,1.0,3.8622484803346775,-0.03140808348016904,-0.03140808348016904,0.1,False,0.0,0.011417424540856647
574,-0.009220239862135122,1.0,3.867248480294826,-0.009133939632685318,-0.009133939632685318,0.1,False,0.0,-0.009220239862135122
575,0.01682544761050452,1.0,3.8722484802656543,0.007376191889708098,0.0073761918897080935,0.1,False,0.0,0.01682544761050452
576,0.009426140673920141,1.0,3.877248480247054,-0.013460358088403616,-0.013460358088403616,0.1,False,0.0,0.009426140673920141
577,0.0015630539454722853,1.0,3.8822484802389203,-0.007540912539136114,-0.007540912539136114,0.1,False,0.0,0.0015630539454722853
578,-5.366013137919376e-05,1.0,3.8872484802411464,-0.0012504431563778284,-0.001250443156377828,0.1,False,0.0,-5.366013137919376e-05
579,-0.011622441584953782,1.0,3.8922484802536284,4.2928105103355015e-05,4.292810510335487e-05,0.1,False,0.0,-0.011622441584953782
580,0.01488683062238397,1.0,3.8972484802762626,0.009297953267963026,0.009297953267963026,0.1,False,0.0,0.01488683062238397
581,-0.010763138432745536,1.0,3.902248480308946,-0.011909464497907175,-0.011909464497907179,0.1,False,0.0,-0.010763138432745536
582,-0.013377259755990162,1.0,3.9072484803515777,0.00861051074619643,0.00861051074619643,0.1,False,0.0,-0.013377259755990162
583,-0.0010389217847411065,1.0,3.912248480404057,0.01070180780479213,0.01070180780479213,0.1,False,0.0,-0.0010389217847411065
584,-0.002537154840485745,1.0,3.9172484804662835,0.0008311374277928852,0.000831137427792885,0.1,False,0.0,-0.002537154840485745
585,-0.01904349688654776,1.0,3.9222484805381583,0.002029723872388596,0.002029723872388596,0.1,False,0.0,-0.01904349688654776
586,-0.033540258842651306,1.0,3.9272484806195846,0.015234797509238208,0.015234797509238208,0.1,False,0.0,-0.033540258842651306
587,-0.018308328223140928,1.0,3.9322484807104643,0.026832207074121046,0.026832207074121046,0.1,False,0.0,-0.018308328223140928
588,-0.033998035323510714,1.0,3.9372484808107013,0.014646662578512742,0.014646662578512742,0.1,False,0.0,-0.033998035323510714
589,-0.012868948460630109,1.0,3.9422484809202007,0.027198428258808572,0.027198428258808572,0.1,False,0.0,-0.012868948460630109
590,-0.037257346677987184,1.0,3.9472484810388675,0.010295158768504087,0.010295158768504084,0.1,False,0.0,-0.037257346677987184
591,-0.04206518284202297,1.0,3.9522484811666088,0.02980587734238975,0.02980587734238975,0.1,False,0.0,-0.04206518284202297
592,-0.03139844971691425,1.0,3.9572484813033304,0.03365214627361838,0.03365214627361838,0.1,False,0.0,-0.03139844971691425
593,-0.04763410023251372,1.0,3.9622484814489427,0.025118759773531403,0.025118759773531403,0.1,False,0.0,-0.04763410023251372
594,-0.023181311763749563,1.0,3.9672484816033537,0.03810728018601098,0.03810728018601098,0.1,False,0.0,-0.023181311763749563
595,-0.01316170340684771,1.0,3.9722484817664725,0.018545049410999652,0.018545049410999652,0.1,False,0.0,-0.01316170340684771
596,-0.032144170587042935,1.0,3.9772484819382106,0.01052936272547817,0.01052936272547817,0.1,False,0.0,-0.032144170587042935
597,-0.05444731203507463,1.0,3.9822484821184783,0.02571533646963435,0.02571533646963435,0.1,False,0.0,-0.05444731203507463
598,-0.07521260961431418,1.0,3.9872484823071894,0.043557849628059704,0.043557849628059704,0.1,False,0.0,-0.07521260961431418
599,-0.05648566098586653,1.0,3.9922484825042557,0.06017008769145135,0.06017008769145135,0.1,False,0.0,-0.05648566098586653
